post,likes,shares,comments
Current mood: Ready to conquer the world! Let's make today count. #Motivation #GoalGetter,893,107,82
Chasing dreams and catching flights! ğŸŒŸâœˆï¸ Where's your dream destination that you can't wait to explore? #Wanderlust #TravelGoals,916,107,82
Life's too short for regrets. Let's live in the moment and make every day count! #CarpeDiem #LiveLifeToTheFullest,913,108,83
Who's ready to slay this season's hottest makeup trends? ğŸ’„ğŸ’… Drop your favorite makeup look emoji in the comments! #MakeupGoals #BeautyInspo,943,111,85
Who else is binge-watching their favorite series like there's no tomorrow? ğŸ¿ğŸ“º What's your current binge-worthy obsession? #NetflixAndChill #TVAddict,946,112,86
Who else lives for spontaneous adventures and unplanned road trips? ğŸš—ğŸŒŸ Tag your adventure squad! #RoadTrip #AdventureTime,933,110,85
Ready to tackle the day with positivity and determination! What's one goal you're working towards today? ğŸŒŸğŸ’¼ #Motivation #GoalSetting,829,97,74
Current mood: Weekend warrior mode activated! ğŸ‰ğŸ’¥ What's on your agenda for this epic weekend? #WeekendWarrior #AdventureTime,918,108,84
Let's talk skincare! What's your holy grail product for flawless skin? âœ¨ğŸ’â€â™€ï¸ Share your skincare secrets in the comments! #SkincareRoutine #GlowUp,927,109,85
"Transforming stress into success, one step at a time! ğŸ’¼ğŸŒŸ Who else is ready to tackle their goals head-on? #SuccessMindset #GoalGetter",835,97,75
Let's spread kindness like confetti! Tag someone who brightens your day and let them know you appreciate them. #KindnessMatters #SpreadLove,892,105,81
Procrastination level: expert! ğŸ˜… Who else has mastered the art of leaving everything to the last minute? #ProcrastinationNation #Oops,796,92,70
Survived another Monday like a boss! ğŸ’ªğŸ‘Š Who else needs a dose of caffeine to kickstart the week? â˜•ï¸ #MondayMotivation #CoffeeAddict,871,101,77
Life's too short to dwell on the negatives. Let's focus on the positives and spread good vibes everywhere we go! #PositiveEnergy #GoodVibesOnly,908,108,84
Shaking off the haters like... ğŸ’â€â™‚ï¸ğŸ‘‹ Who else believes in spreading positivity instead of negativity? #GoodVibesOnly #SpreadLove,881,103,79
Who's with me in the struggle against procrastination? Let's hold each other accountable and get things done! #Productivity #NoMoreProcrastination,837,100,77
Life's too short for regrets. Let's live in the moment and make every day count! ğŸŒŸğŸ’« #CarpeDiem #LiveLifeToTheFullest,913,108,84
Who else believes that laughter is the best medicine? ğŸ˜‚ğŸ’– Tag a friend who always brings joy to your life! #LaughterIsKey #FriendshipGoals,888,105,82
Rise and grind! ğŸ’ªâ˜€ï¸ Let's start the day with a positive mindset and unstoppable energy! #MorningMotivation #NewDayNewGoals,904,106,82
Can't get enough of those throwback jams! ğŸ¶ What's your ultimate go-to nostalgic song? #ThrowbackThursday #MusicMood,759,89,68
Struggling to adult today? You're not alone! ğŸ˜… Who else needs a break from adulting responsibilities? #AdultingStruggles #TakeABreak,811,95,73
Current mood: Netflix and snacks. ğŸ¿ğŸ“º What's your binge-worthy series recommendation? #NetflixAddict #TVTime,862,100,77
Outfit of the day: confidence! ğŸ’â€â™€ï¸âœ¨ Tag a friend who always slays in their outfit choices! #FashionInspo #ConfidenceBoost,918,108,84
Let's spread kindness like confetti! Tag someone who deserves a little extra love today. ğŸ’•âœ¨ #SpreadLove #KindnessMatters,893,106,82
Who else is guilty of online shopping at 2 AM? ğŸ›ï¸ğŸ˜… Share your latest late-night impulse buy! #ShoppingAddict #RetailTherapy,846,99,77
Taking life one cup of coffee at a time! â˜•ï¸ğŸ˜Œ What's your go-to coffee order? #CoffeeTime #CaffeineFix,842,98,75
Ready for a new adventure? Let's step out of our comfort zones and embrace the unknown. #AdventureAwaits #ExploreMore,856,101,77
"Embracing the power of self-love and acceptance. You are enough, just as you are. ğŸ’—ğŸŒˆ #SelfLove #BeYourself",912,108,83
Let's spread positivity like confetti! Tag someone who deserves to be reminded how amazing they are. #SpreadLove #Positivity,892,105,81
"Who else finds joy in the simple things? Whether it's a walk in nature or a homemade meal, let's cherish those moments. #SimplePleasures #Happiness",886,105,81
Let's talk music! What song is on repeat for you lately? ğŸ¶ğŸ” #MusicLover #NowPlaying,842,99,76
Rocking those DIY fashion hacks like a pro! ğŸ‘—âœ‚ï¸ What's your favorite clothing DIY project? #FashionDIY #CreativeStyle,897,105,80
Current status: In a committed relationship with coffee! â˜•ï¸â¤ï¸ What's your favorite coffee shop order? #CoffeeLover #CaffeineAddict,849,99,76
Ready for a cozy night in? Let's swap book recommendations and get lost in captivating stories! #BookClub #ReadingList,899,106,81
Who else loves the smell of fresh coffee in the morning? It's the little things that make the day brighter. #CoffeeLover #MorningRoutine,867,103,79
"Let's appreciate the little joys in life: a warm cup of tea, a good book, and a cozy corner to relax in. #Gratitude #LittleThings",879,103,79
Outfit of the day: Confidence with a side of sass! ğŸ’â€â™€ï¸ğŸ’‹ What's your signature style statement? #OOTD #ConfidenceBoost,906,107,83
"In the world of deadlines and due dates, coffee is my saving grace! â˜•ï¸ğŸ˜… Who else can relate? #CoffeeAddict #StudentLife",837,98,75
Who else finds joy in the little things? Let's celebrate life's simple pleasures together! #Gratitude #LittleJoys,886,105,81
"Let's support each other in chasing our dreams. Together, we can achieve anything we set our minds to. #DreamChaser #SupportSystem",853,101,78
Let's talk about books! What's the last book you read that you couldn't put down? #Bookworm #ReadingList,828,98,75
Throwback to the good old days when life was simpler. Share your favorite childhood memories with us! #ThrowbackThursday #Nostalgia,812,95,73
"Cheers to the weekend, where memories are made and fun never ends! ğŸ¥‚ğŸ‰ What's your idea of the perfect weekend getaway? #WeekendVibes #PartyTime",897,105,81
"Can't stop, won't stop! ğŸ’ƒğŸ¶ Who else loves dancing like nobody's watching? #DanceLikeNoOneIsWatching #JustDance",914,108,84
Let's talk goals! What's one thing you're working towards achieving this month? #GoalSetting #DreamBig,853,101,78
Who's up for a Netflix marathon tonight? ğŸ¿ğŸ“º Drop your favorite emoji if you're in! #NetflixAndChill #MovieNight,879,104,80
Who else believes that kindness is contagious? ğŸ’–âœ¨ Tag someone who inspires you to be a better person! #SpreadKindness #BeTheChange,886,104,81
Embracing imperfection and celebrating uniqueness! ğŸŒŸğŸ’– Tag someone who shines bright just as they are! #SelfLove #BeYourself,889,105,81
Who needs sleep when you can have midnight snacks instead? ğŸŒ™ğŸ• What's your go-to late-night indulgence? #MidnightMunchies #SnackAttack,863,101,78
Let's spread kindness like confetti! Tag someone who deserves a little extra love today. ğŸ’•âœ¨ #SpreadLove #KindnessMatters,893,106,82
Embracing the power of positivity. Let's focus on the good and spread optimism wherever we go! #PositiveVibes #GoodEnergy,908,108,84
Nothing like a good playlist to set the mood! ğŸ¶ğŸ”¥ Share your favorite song of the moment! #MusicMonday #Playlist,897,105,81
Can't decide what to wear? The struggle is real! ğŸ˜…ğŸ‘— Share your outfit dilemmas in the comments below! #FashionStruggles #OOTD,885,104,80
Who else is guilty of hitting the snooze button multiple times? ğŸ˜´â° Let's commiserate together! #MorningStruggles #SnoozeButton,823,97,75
Procrastination level: 100! ğŸ˜… Who else finds themselves scrolling through social media instead of being productive? #ProcrastinationNation #Oops,821,96,73
Who's ready to tackle Monday like a boss? Let's crush those goals and make this week our own! #MondayMotivation #GoalGetter,893,107,82
"Who else is pumped for the weekend? Time to kick back, relax, and unwind! #WeekendVibes #ChillTime",856,101,77
Let's start the week with a positive mindset and a heart full of gratitude. Here's to a great week ahead! #MondayMotivation #Gratitude,919,108,83
"Rise and shine, it's a brand new day to chase your dreams! â˜€ï¸ğŸŒŸ What's one goal you're determined to achieve today? #DreamChaser #GoalGetter",925,109,85
Conquering the day one checklist at a time! âœ”ï¸ğŸ’¼ What's on your agenda for today? #Productivity #DailyGoals,832,97,74
Looking for some outfit inspiration? Share your favorite fashion icons or styles with us! #FashionInspiration #StyleGoals,884,104,80
Living for the little moments that make life big! ğŸ’«âœ¨ What's something that made you smile today? #Gratitude #LittleJoys,913,108,83
Living for those spontaneous adventures with the crew! ğŸŒâœˆï¸ Where's the next destination on your travel bucket list? #Wanderlust #AdventureTime,873,102,79
Nothing beats the feeling of crossing items off your to-do list. Let's get things done! #Productivity #AchievementUnlocked,841,99,76
"Stressed but well-dressed! ğŸ’â€â™€ï¸ Let's tackle those exams together, squad! Who's in? ğŸ“ğŸ“š #ExamSeason #SquadGoals",804,94,72
Current mood: Ready to tackle the day like a boss! ğŸ’¼ğŸ’¥ What's your go-to productivity hack? #Productivity #GoalCrusher,846,99,77
Rocking the latest trends like it's nobody's business! ğŸ”¥ What's your go-to fashion statement? #Fashionista #OOTD,892,105,78
Embracing the beauty of imperfection and celebrating individuality! ğŸŒŸğŸ’– What makes you beautifully unique? #SelfLove #BeYourself,878,103,80
Who else finds joy in the little things? Let's share some of life's simple pleasures that make each day brighter. â˜€ï¸ğŸ’– #Gratitude #LittleJoys,875,103,80
Pro tip: Always keep snacks on hand for emergency munchies! ğŸ«ğŸ™Œ What's your must-have snack for on-the-go? #SnackTime #EmergencyMunchies,851,99,76
Nothing like a good book and a cozy blanket on a rainy day. What's your favorite rainy day read? ğŸ“šğŸŒ§ï¸ #Bookworm #RainyDay,888,104,81
Monday motivation: Coffee and confidence! â˜•ï¸ğŸ’ª Let's kickstart the week with positivity and unstoppable energy! #MondayMotivation #NewWeekNewGoals,903,107,83
Got a case of wanderlust that just won't quit! âœˆï¸ğŸŒ Where's your dream travel destination? #Wanderlust #AdventureAwaits,908,107,83
Procrastination level: expert. Who else is guilty of leaving everything to the last minute? #ProcrastinationNation #Oops,837,100,77
Who else is feeling a little wanderlust? Let's dream about our next adventure together. #Wanderlust #TravelDreams,906,107,83
Nothing like a fresh new haircut to boost your confidence! ğŸ’‡â€â™‚ï¸ What hairstyle are you rocking this season? #HairGoals #ConfidenceBoost,823,96,74
Feeling stressed? Remember to take a deep breath and prioritize self-care. Your well-being matters. ğŸŒ¿ğŸ’†â€â™‚ï¸ #SelfCare #StressRelief,916,108,84
"Feeling overwhelmed? Take a deep breath, you've got this! Remember, one step at a time. #SelfCare #Mindfulness",922,109,85
Crushing those study sessions like a pro! ğŸ“šğŸ¤“ Who else is determined to ace those exams? #StudyMode #StudentLife,938,110,84
Nothing like a cozy night in with your favorite book! ğŸ“šğŸŒ™ What's on your reading list right now? #BookWorm #CozyNight,872,102,79
Channeling those positive vibes and radiating good energy! âœ¨ğŸŒˆ Tag someone who always brightens your day! #Positivity #GoodEnergy,898,106,81
Who else is counting down the days until summer break? Share your summer plans with us! â˜€ï¸ğŸ–ï¸ #SummerVibes #CountdownToSummer,897,105,81
Late-night thoughts and midnight musings. ğŸ’­âœ¨ What's on your mind as the world sleeps? #NightOwl #DeepThoughts,788,91,69
Pro tip: coffee before adulting! Who else relies on caffeine to start the day off right? â˜•ï¸ğŸ˜… #CoffeeLover #Adulting101,846,100,77
Current mood: ready to conquer the world! Who's with me? ğŸ’ªğŸŒŸ #Motivation #GoalGetter,885,104,80
Ready for a movie night with friends! What's your go-to movie snack? ğŸ¿ğŸ¬ #MovieNight #FriendsAndPopcorn,899,107,82
Nothing beats the feeling of a fresh start on a Monday morning! â˜€ï¸ğŸ’ª Let's crush those goals together! #MondayMotivation #NewWeekNewGoals,891,105,81
Experimenting with makeup looks is my kind of therapy! ğŸ’„ğŸ’‹ What's your favorite makeup hack or product? #MakeupAddict #BeautyTips,911,108,82
Let's take a moment to appreciate the beauty of nature. What's your favorite outdoor activity? #NatureLover #OutdoorAdventures,887,104,81
Behind every successful study session: snacks! ğŸ•ğŸ“š What's your go-to study snack that keeps you fueled up? #SnackAttack #BrainFood,853,99,76
Embracing the chaos and finding beauty in the mess. ğŸŒªï¸ğŸ’– Tag a friend who brings color to your life! #FriendshipGoals #ChaosTheory,835,97,74
Current mood: In need of a caffeine boost. Who else relies on coffee to power through the day? #CoffeeAddict #MondayFuel,863,102,78
Life's too short for boring outfits! ğŸ’ƒğŸ•º Who else loves experimenting with their style? #FashionForward #OOTD,872,103,79
Feeling stressed? Remember to take a deep breath and focus on one thing at a time. You've got this! #StressRelief #Mindfulness,922,109,85
Throwing it back to the good old days! Share your favorite childhood memory in the comments below. ğŸš€ğŸŒˆ #ThrowbackThursday #Nostalgia,879,103,79
Current status: Living for the weekend vibes! ğŸ‰ğŸ™Œ What's your favorite weekend activity? #WeekendVibes #TGIF,856,100,77
"Lost in the world of books, where adventure knows no bounds! ğŸ“–âœ¨ What's the last book that kept you up all night? #Bookworm #ReadingList",869,102,78
From chaos to calm: finding peace in the midst of the storm. ğŸŒ§ï¸ğŸ§˜â€â™€ï¸ What's your favorite way to unwind and relax? #SelfCare #Mindfulness,845,98,75
Soaking up that sweet summer vibe while it lasts! ğŸŒâœŒï¸ What's your favorite way to chill during the summer break? #SummerVibes #ChillMode,885,104,80
Ready to tackle the day with positivity and determination! What's one goal you're working towards today? ğŸŒŸğŸ’¼ #Motivation #GoalSetting,829,97,74
Current status: fueled by caffeine and determination. Let's crush those goals today! ğŸ’ªğŸ“ #Motivation #Productivity,835,98,75
Current status: Procrastinating like it's an Olympic sport. ğŸ…ğŸ˜‚ Who else can relate? #ProcrastinationNation #Oops,807,94,72
Who else is counting down the days until the weekend? Share your weekend plans with us! #WeekendVibes #FridayFeeling,906,107,83
"Current status: In need of some serious self-care. Remember to prioritize your well-being, always. #SelfCare #MeTime",915,108,84
Let's channel our inner creativity and unleash our artistic talents. What's your favorite form of creative expression? #Creativity #ArtisticSoul,866,103,79
Throwback to simpler times when our biggest worry was which game to play next. #Nostalgia #ChildhoodMemories,812,95,73
"New semester, new squad goals! Who else is ready to conquer this school year together? ğŸ’ªğŸ“š #BackToSchool #SquadGoals",832,98,70
"Making the most out of every moment, one selfie at a time! ğŸ“¸âœ¨ Share your favorite selfie pose in the comments below! #SelfieGame #PosePerfect",904,106,81
Feeling overwhelmed? Remember to take breaks and practice self-care. Your well-being matters. #SelfCare #MentalHealth,915,108,84
"Friday night plans: Netflix, snacks, and chill vibes! ğŸ¿ğŸ“º Tag your binge-watching buddy! #NetflixNight #ChillTime",863,102,78
Embracing the chaos and finding beauty in the mess. ğŸŒªï¸ğŸ’– Tag a friend who brings color to your life! #FriendshipGoals #ChaosTheory,873,103,79
"Ready for a fresh start? Remember, every day is a chance to begin anew. #NewBeginnings #FreshStart",823,97,74
Let's take a moment to appreciate the beauty of the simple things in life. What's something that always brings a smile to your face? ğŸ˜ŠğŸ’– #Gratitude #SimplePleasures,902,106,82
Who else is excited for the weekend? Let's make some memories! ğŸ‰ğŸŒˆ #WeekendVibes #FunTimes,908,107,83
Plot twist: I actually enjoy Mondays! ğŸ‰ Starting the week with a positive mindset is key. What's your Monday mantra? #PositiveVibes #NewWeekNewGoals,804,93,71
"Struggling to find motivation? Remember your why, and let it drive you forward. You've got this! #Motivation #KeepGoing",831,98,75
Self-care Sunday: because you can't pour from an empty cup! ğŸ›ğŸ’†â€â™‚ï¸ How are you practicing self-care today? #SelfCareSunday #MeTime,899,106,82
Who else is ready to slay the day with positivity? ğŸ’ªâœ¨ Let's spread good vibes and conquer our goals together! #PositiveEnergy #SlayTheDay,892,106,82
Dreaming of a wardrobe makeover? ğŸ’­ğŸ‘— Share your fashion wishlist items in the comments below! #FashionGoals #RetailTherapy,922,108,83
"Let's celebrate our successes, big and small! What's something you're proud of accomplishing recently? ğŸ‰ğŸŒŸ #CelebrateSuccess #ProudMoment",922,109,85
"Ready for a movie marathon? Popcorn, cozy blankets, and your favorite films â€“ the perfect way to unwind. #MovieNight #ChillMode",899,106,81
Who else is guilty of hitting the snooze button multiple times? â°ğŸ˜´ Share your struggle with waking up early! #SnoozeButton #MorningStruggles,830,97,75
Let's start the day with gratitude and a positive mindset. Here's to a day filled with blessings and opportunities! #Gratitude #Positivity,919,108,83
Who's up for a movie night? Share your favorite films and let's plan the ultimate movie marathon! #MovieNight #PopcornTime,899,107,82
Can't decide what to wear? Share your outfit ideas and let's help each other slay the fashion game! #FashionInspo #OOTD,828,98,75
Ready for some weekend adventures! What's on your agenda for the weekend? ğŸŒŸğŸ‰ #WeekendVibes #AdventureTime,907,107,83
Pro tip: Coffee before adulting! â˜•ï¸ğŸ˜… Who else relies on caffeine to adult like a boss? #CoffeeLover #Adulting101,829,96,73
Life's too short for regrets! ğŸŒŸâœ¨ What's one thing you're grateful for today? #Gratitude #CountYourBlessings,918,108,84
Ready to conquer the world one step at a time. Who's with me? #Motivation #DreamBig,837,99,76
Just scored the perfect summer job! ğŸ™Œ Time to stack that cash and make memories. ğŸ’°ğŸ˜ #WorkHardPlayHard,725,82,63
Let's talk about goals! ğŸ’ªâœ¨ What's one thing you're working towards right now? #GoalGetter #DreamBig,841,98,76